{
    "c": [
        1,
        5,
        10
    ],
    "mean": [
        3408.85,
        2987.2,
        2816.2
    ],
    "var": [
        1130.7274999999997,
        1302.16,
        772.0600000000001
    ],
    "result": [
        [
            3390.0,
            3339.0,
            3414.0,
            3366.0,
            3466.0,
            3416.0,
            3426.0,
            3424.0,
            3423.0,
            3477.0,
            3457.0,
            3385.0,
            3397.0,
            3416.0,
            3393.0,
            3393.0,
            3364.0,
            3403.0,
            3438.0,
            3390.0
        ],
        [
            3010.0,
            2971.0,
            3045.0,
            3087.0,
            2955.0,
            2972.0,
            2915.0,
            2972.0,
            2979.0,
            3004.0,
            3008.0,
            3011.0,
            2967.0,
            2957.0,
            2972.0,
            2967.0,
            2990.0,
            2955.0,
            2990.0,
            3017.0
        ],
        [
            2841.0,
            2817.0,
            2830.0,
            2799.0,
            2834.0,
            2741.0,
            2812.0,
            2805.0,
            2860.0,
            2810.0,
            2839.0,
            2845.0,
            2806.0,
            2790.0,
            2823.0,
            2828.0,
            2835.0,
            2844.0,
            2766.0,
            2799.0
        ]
    ]
}