{
    "c": [
        0.0,
        0.1,
        0.2,
        0.30000000000000004,
        0.4,
        0.5,
        0.6000000000000001,
        0.7000000000000001,
        0.8,
        0.9,
        1.0,
        1.1,
        1.2000000000000002,
        1.3,
        1.4000000000000001,
        1.5,
        1.6,
        1.7000000000000002,
        1.8,
        1.9000000000000001,
        2.0,
        2.1,
        2.2,
        2.3000000000000003,
        2.4000000000000004,
        2.5,
        2.6,
        2.7,
        2.8000000000000003,
        2.9000000000000004,
        3.0,
        3.1,
        3.2,
        3.3000000000000003,
        3.4000000000000004,
        3.5,
        3.6,
        3.7,
        3.8000000000000003,
        3.9000000000000004,
        4.0,
        4.1000000000000005,
        4.2,
        4.3,
        4.4,
        4.5,
        4.6000000000000005,
        4.7,
        4.800000000000001,
        4.9,
        5.0,
        5.1000000000000005,
        5.2,
        5.300000000000001,
        5.4,
        5.5,
        5.6000000000000005,
        5.7,
        5.800000000000001,
        5.9,
        6.0,
        6.1000000000000005,
        6.2,
        6.300000000000001,
        6.4,
        6.5,
        6.6000000000000005,
        6.7,
        6.800000000000001,
        6.9,
        7.0,
        7.1000000000000005,
        7.2,
        7.300000000000001,
        7.4,
        7.5,
        7.6000000000000005,
        7.7,
        7.800000000000001,
        7.9,
        8.0,
        8.1,
        8.200000000000001,
        8.3,
        8.4,
        8.5,
        8.6,
        8.700000000000001,
        8.8,
        8.9,
        9.0,
        9.1,
        9.200000000000001,
        9.3,
        9.4,
        9.5,
        9.600000000000001,
        9.700000000000001,
        9.8,
        9.9
    ],
    "c_mean": [
        3215.25,
        3194.6,
        3496.3,
        3472.4,
        3481.35,
        3474.55,
        3456.45,
        3455.1,
        3452.0,
        3413.6,
        3410.35,
        3392.2,
        3382.15,
        3378.9,
        3347.25,
        3340.2,
        3321.3,
        3301.25,
        3298.0,
        3266.35,
        3270.3,
        3247.8,
        3240.45,
        3237.35,
        3212.55,
        3205.65,
        3176.65,
        3176.15,
        3159.95,
        3154.75,
        3148.65,
        3139.6,
        3123.95,
        3106.9,
        3096.85,
        3100.7,
        3091.6,
        3074.15,
        3066.95,
        3047.3,
        3049.35,
        3050.6,
        3034.15,
        3022.85,
        3019.45,
        3018.55,
        3003.85,
        2987.7,
        2997.35,
        2980.45,
        2991.4,
        2994.85,
        2983.65,
        2969.1,
        2949.3,
        2954.05,
        2952.65,
        2961.25,
        2944.35,
        2936.35,
        2934.15,
        2927.75,
        2913.25,
        2922.25,
        2919.35,
        2913.45,
        2898.35,
        2905.65,
        2894.6,
        2899.8,
        2901.15,
        2902.6,
        2891.2,
        2882.0,
        2897.15,
        2881.4,
        2885.7,
        2873.35,
        2868.75,
        2865.75,
        2869.85,
        2860.6,
        2864.15,
        2854.2,
        2842.9,
        2868.6,
        2855.6,
        2849.8,
        2840.05,
        2848.1,
        2841.4,
        2846.5,
        2838.55,
        2830.35,
        2836.25,
        2830.05,
        2825.8,
        2833.4,
        2838.8,
        2824.85
    ],
    "c_var": [
        244326.0875,
        206571.44,
        1868.3100000000002,
        1099.84,
        986.7275,
        604.1474999999999,
        1096.8475000000003,
        781.1899999999998,
        1285.8,
        1313.2400000000002,
        924.6274999999999,
        891.4600000000003,
        1341.6275,
        785.49,
        1024.4875,
        1404.4599999999998,
        1673.0099999999998,
        1940.7875,
        836.4,
        1434.9275000000002,
        1993.11,
        2274.16,
        1106.0475000000001,
        1518.9274999999998,
        1155.5475000000001,
        1015.7275,
        1174.8274999999999,
        1552.7274999999997,
        824.1475,
        1242.1875,
        1425.2275000000002,
        1805.2399999999998,
        1052.7475,
        678.0899999999999,
        1066.7274999999997,
        1882.0100000000002,
        1260.04,
        910.1274999999999,
        1285.4475,
        579.11,
        1191.6275,
        1078.94,
        1079.9275,
        1052.0274999999997,
        602.0474999999999,
        858.1475,
        831.0274999999999,
        1690.0099999999998,
        536.1274999999999,
        992.9475,
        1974.6400000000006,
        1236.6275,
        1152.3274999999999,
        2106.99,
        1125.2099999999998,
        1312.7475,
        1202.8275,
        1475.7875,
        710.2275,
        1015.1275000000002,
        995.4275000000001,
        1168.3875,
        1702.4875,
        1202.2875,
        986.0274999999999,
        727.0474999999999,
        1704.6275,
        763.1275000000002,
        1050.44,
        1203.3600000000001,
        1088.3274999999999,
        1765.3399999999997,
        1312.8600000000001,
        615.8,
        802.0274999999999,
        1040.04,
        667.21,
        1012.6274999999999,
        899.3875,
        1829.4875,
        1412.8275,
        337.64,
        1080.8274999999999,
        1132.16,
        855.4899999999998,
        916.14,
        2503.6400000000003,
        868.0600000000002,
        711.4475000000001,
        861.6899999999999,
        1333.64,
        1155.75,
        1023.2475000000001,
        1483.7275,
        1270.9875,
        1077.9475000000002,
        1249.3600000000001,
        1059.64,
        1153.3600000000001,
        738.5275000000001
    ]
}