{
    "epsilon": [
        0.0,
        0.01,
        0.02,
        0.03,
        0.04,
        0.05,
        0.06,
        0.07,
        0.08,
        0.09,
        0.1,
        0.11,
        0.12,
        0.13,
        0.14,
        0.15,
        0.16,
        0.17,
        0.18,
        0.19,
        0.2,
        0.21,
        0.22,
        0.23,
        0.24,
        0.25,
        0.26,
        0.27,
        0.28,
        0.29,
        0.3,
        0.31,
        0.32,
        0.33,
        0.34,
        0.35000000000000003,
        0.36,
        0.37,
        0.38,
        0.39,
        0.4,
        0.41000000000000003,
        0.42,
        0.43,
        0.44,
        0.45,
        0.46,
        0.47000000000000003,
        0.48,
        0.49,
        0.5,
        0.51,
        0.52,
        0.53,
        0.54,
        0.55,
        0.56,
        0.5700000000000001,
        0.58,
        0.59,
        0.6,
        0.61,
        0.62,
        0.63,
        0.64,
        0.65,
        0.66,
        0.67,
        0.68,
        0.6900000000000001,
        0.7000000000000001,
        0.71,
        0.72,
        0.73,
        0.74,
        0.75,
        0.76,
        0.77,
        0.78,
        0.79,
        0.8,
        0.81,
        0.8200000000000001,
        0.8300000000000001,
        0.84,
        0.85,
        0.86,
        0.87,
        0.88,
        0.89,
        0.9,
        0.91,
        0.92,
        0.93,
        0.9400000000000001,
        0.9500000000000001,
        0.96,
        0.97,
        0.98,
        0.99
    ],
    "epsilon_mean": [
        3226.9,
        3403.85,
        3396.25,
        3470.45,
        3443.85,
        3433.9,
        3415.8,
        3442.55,
        3412.55,
        3419.75,
        3404.65,
        3390.35,
        3380.55,
        3398.35,
        3388.15,
        3361.15,
        3364.6,
        3357.2,
        3350.45,
        3339.5,
        3325.35,
        3322.4,
        3306.1,
        3331.15,
        3286.7,
        3289.35,
        3285.2,
        3264.25,
        3264.5,
        3253.35,
        3240.25,
        3239.3,
        3236.45,
        3217.3,
        3223.15,
        3205.3,
        3203.75,
        3214.35,
        3176.15,
        3165.1,
        3162.2,
        3146.2,
        3148.4,
        3142.2,
        3137.15,
        3131.0,
        3122.55,
        3104.6,
        3104.4,
        3083.65,
        3083.95,
        3064.1,
        3070.85,
        3060.25,
        3037.4,
        3029.85,
        3042.9,
        3026.45,
        3011.55,
        2997.3,
        2998.5,
        2994.1,
        2992.2,
        2972.05,
        2974.5,
        2952.6,
        2942.25,
        2933.55,
        2929.45,
        2928.85,
        2918.3,
        2897.6,
        2890.25,
        2887.75,
        2894.9,
        2870.75,
        2845.45,
        2859.65,
        2844.3,
        2843.3,
        2830.7,
        2824.35,
        2812.75,
        2815.25,
        2806.25,
        2776.8,
        2788.6,
        2785.45,
        2768.7,
        2751.95,
        2747.25,
        2747.55,
        2724.55,
        2739.7,
        2716.6,
        2724.65,
        2707.55,
        2692.15,
        2696.25,
        2681.05
    ],
    "epsilon_var": [
        183979.28999999998,
        59210.02749999999,
        22150.7875,
        4552.7474999999995,
        8356.0275,
        2254.29,
        2143.1600000000003,
        1543.1475,
        1778.5475,
        1058.7875,
        1702.1274999999998,
        1202.6275,
        908.1475,
        1610.6275,
        1267.3275,
        1195.2274999999997,
        1165.0399999999997,
        1175.86,
        1527.8474999999999,
        775.95,
        1106.2275,
        706.7400000000001,
        1456.09,
        1071.4274999999998,
        1050.81,
        1234.1274999999998,
        1680.2600000000002,
        998.1875,
        1136.55,
        1057.4275000000002,
        749.0875,
        932.51,
        803.4475,
        777.11,
        1251.3274999999999,
        1275.4099999999999,
        874.1875,
        864.1274999999999,
        665.8275,
        1035.29,
        1111.3600000000001,
        916.76,
        1333.54,
        1644.56,
        1446.5275,
        657.8,
        1466.1475,
        963.8399999999999,
        1168.74,
        1118.8274999999999,
        1020.1474999999998,
        1516.79,
        1441.3275,
        850.1875,
        951.54,
        971.3274999999998,
        1425.7900000000002,
        910.0475,
        1611.0475000000001,
        748.3100000000001,
        1036.05,
        1630.3899999999999,
        1582.26,
        1047.9475,
        964.45,
        1093.8399999999997,
        1222.9875,
        855.3475000000001,
        1172.8475,
        969.8275,
        981.8099999999998,
        1125.6399999999999,
        1040.8875,
        872.1875,
        551.1899999999998,
        860.9875,
        1206.2475000000004,
        1173.9275,
        998.21,
        473.61,
        690.11,
        1252.3275,
        1467.7875,
        1411.1875,
        506.2875,
        1573.56,
        999.9399999999999,
        1196.2475000000002,
        1582.2099999999998,
        1636.5475,
        1163.4875,
        1213.7475,
        1097.0475000000001,
        987.6099999999999,
        1643.3400000000001,
        1014.5275000000001,
        1068.6475,
        1867.6275,
        1478.7875,
        1029.6475
    ]
}