{
    "Beta": [
        [
            [
                7,
                3
            ],
            [
                5,
                5
            ],
            [
                4,
                6
            ]
        ],
        [
            [
                70000,
                30000
            ],
            [
                50000,
                50000
            ],
            [
                40000,
                60000
            ]
        ],
        [
            [
                1,
                9
            ],
            [
                2,
                8
            ],
            [
                9,
                1
            ]
        ],
        [
            [
                10000,
                90000
            ],
            [
                10000,
                90000
            ],
            [
                90000,
                10000
            ]
        ]
    ],
    "TS_mean": [
        3487.885,
        3497.195,
        3304.15,
        1997.465
    ],
    "TS_var": [
        1142.3617749999999,
        1064.826975,
        42562.0775,
        1051.708775
    ],
    "result": [
        [
            3462.0,
            3479.0,
            3480.0,
            3475.0,
            3495.0,
            3475.0,
            3450.0,
            3440.0,
            3470.0,
            3474.0,
            3476.0,
            3525.0,
            3514.0,
            3473.0,
            3511.0,
            3475.0,
            3543.0,
            3451.0,
            3483.0,
            3445.0,
            3429.0,
            3464.0,
            3496.0,
            3425.0,
            3457.0,
            3527.0,
            3465.0,
            3487.0,
            3497.0,
            3449.0,
            3498.0,
            3509.0,
            3436.0,
            3540.0,
            3528.0,
            3433.0,
            3536.0,
            3525.0,
            3521.0,
            3448.0,
            3448.0,
            3462.0,
            3486.0,
            3475.0,
            3513.0,
            3511.0,
            3497.0,
            3464.0,
            3422.0,
            3468.0,
            3492.0,
            3486.0,
            3471.0,
            3490.0,
            3574.0,
            3492.0,
            3482.0,
            3520.0,
            3440.0,
            3485.0,
            3520.0,
            3550.0,
            3458.0,
            3465.0,
            3464.0,
            3460.0,
            3490.0,
            3534.0,
            3496.0,
            3560.0,
            3438.0,
            3432.0,
            3474.0,
            3484.0,
            3462.0,
            3490.0,
            3456.0,
            3503.0,
            3475.0,
            3487.0,
            3482.0,
            3577.0,
            3481.0,
            3477.0,
            3462.0,
            3531.0,
            3452.0,
            3515.0,
            3433.0,
            3476.0,
            3466.0,
            3553.0,
            3472.0,
            3461.0,
            3458.0,
            3496.0,
            3441.0,
            3492.0,
            3501.0,
            3470.0,
            3460.0,
            3492.0,
            3494.0,
            3470.0,
            3577.0,
            3500.0,
            3512.0,
            3500.0,
            3496.0,
            3379.0,
            3462.0,
            3493.0,
            3516.0,
            3466.0,
            3568.0,
            3450.0,
            3524.0,
            3526.0,
            3523.0,
            3494.0,
            3530.0,
            3495.0,
            3474.0,
            3472.0,
            3470.0,
            3487.0,
            3527.0,
            3525.0,
            3542.0,
            3483.0,
            3493.0,
            3451.0,
            3477.0,
            3533.0,
            3441.0,
            3537.0,
            3520.0,
            3501.0,
            3457.0,
            3492.0,
            3450.0,
            3460.0,
            3526.0,
            3498.0,
            3475.0,
            3525.0,
            3497.0,
            3524.0,
            3461.0,
            3461.0,
            3454.0,
            3480.0,
            3510.0,
            3482.0,
            3559.0,
            3523.0,
            3472.0,
            3487.0,
            3503.0,
            3499.0,
            3498.0,
            3498.0,
            3454.0,
            3500.0,
            3430.0,
            3507.0,
            3482.0,
            3481.0,
            3498.0,
            3510.0,
            3488.0,
            3500.0,
            3484.0,
            3519.0,
            3427.0,
            3502.0,
            3491.0,
            3456.0,
            3467.0,
            3431.0,
            3483.0,
            3528.0,
            3481.0,
            3551.0,
            3511.0,
            3470.0,
            3553.0,
            3514.0,
            3538.0,
            3483.0,
            3422.0,
            3486.0,
            3486.0,
            3529.0,
            3540.0,
            3479.0,
            3419.0,
            3516.0,
            3470.0,
            3502.0
        ],
        [
            3567.0,
            3524.0,
            3507.0,
            3468.0,
            3493.0,
            3551.0,
            3459.0,
            3466.0,
            3482.0,
            3477.0,
            3494.0,
            3484.0,
            3525.0,
            3483.0,
            3432.0,
            3469.0,
            3476.0,
            3505.0,
            3447.0,
            3525.0,
            3511.0,
            3516.0,
            3504.0,
            3466.0,
            3459.0,
            3418.0,
            3435.0,
            3530.0,
            3495.0,
            3516.0,
            3495.0,
            3442.0,
            3453.0,
            3532.0,
            3470.0,
            3471.0,
            3466.0,
            3474.0,
            3527.0,
            3488.0,
            3521.0,
            3563.0,
            3483.0,
            3504.0,
            3507.0,
            3485.0,
            3478.0,
            3440.0,
            3546.0,
            3468.0,
            3539.0,
            3569.0,
            3502.0,
            3449.0,
            3499.0,
            3510.0,
            3525.0,
            3478.0,
            3539.0,
            3479.0,
            3471.0,
            3491.0,
            3472.0,
            3505.0,
            3515.0,
            3464.0,
            3422.0,
            3516.0,
            3522.0,
            3551.0,
            3539.0,
            3497.0,
            3491.0,
            3536.0,
            3441.0,
            3533.0,
            3506.0,
            3511.0,
            3467.0,
            3552.0,
            3555.0,
            3467.0,
            3550.0,
            3511.0,
            3538.0,
            3550.0,
            3538.0,
            3502.0,
            3478.0,
            3465.0,
            3527.0,
            3551.0,
            3471.0,
            3535.0,
            3507.0,
            3474.0,
            3531.0,
            3458.0,
            3472.0,
            3573.0,
            3483.0,
            3483.0,
            3497.0,
            3483.0,
            3468.0,
            3519.0,
            3516.0,
            3521.0,
            3518.0,
            3489.0,
            3505.0,
            3510.0,
            3497.0,
            3516.0,
            3444.0,
            3464.0,
            3463.0,
            3505.0,
            3468.0,
            3556.0,
            3406.0,
            3527.0,
            3437.0,
            3504.0,
            3489.0,
            3472.0,
            3479.0,
            3494.0,
            3517.0,
            3489.0,
            3530.0,
            3511.0,
            3492.0,
            3492.0,
            3470.0,
            3471.0,
            3545.0,
            3478.0,
            3499.0,
            3510.0,
